Etapa,Year,Month,Block
1,2023,1,1
2,2023,1,2
3,2023,1,3
4,2023,1,4
5,2023,1,5
6,2023,1,6
7,2023,1,7
8,2023,1,8
9,2023,1,9
10,2023,1,10
11,2023,1,11
12,2023,1,12
13,2023,2,1
14,2023,2,2
15,2023,2,3
16,2023,2,4
17,2023,2,5
18,2023,2,6
19,2023,2,7
20,2023,2,8
21,2023,2,9
22,2023,2,10
23,2023,2,11
24,2023,2,12
25,2023,3,1
26,2023,3,2
27,2023,3,3
28,2023,3,4
29,2023,3,5
30,2023,3,6
31,2023,3,7
32,2023,3,8
33,2023,3,9
34,2023,3,10
35,2023,3,11
36,2023,3,12
37,2023,4,1
38,2023,4,2
39,2023,4,3
40,2023,4,4
41,2023,4,5
42,2023,4,6
43,2023,4,7
44,2023,4,8
45,2023,4,9
46,2023,4,10
47,2023,4,11
48,2023,4,12
49,2023,5,1
50,2023,5,2
51,2023,5,3
52,2023,5,4
53,2023,5,5
54,2023,5,6
55,2023,5,7
56,2023,5,8
57,2023,5,9
58,2023,5,10
59,2023,5,11
60,2023,5,12
61,2023,6,1
62,2023,6,2
63,2023,6,3
64,2023,6,4
65,2023,6,5
66,2023,6,6
67,2023,6,7
68,2023,6,8
69,2023,6,9
70,2023,6,10
71,2023,6,11
72,2023,6,12
73,2023,7,1
74,2023,7,2
75,2023,7,3
76,2023,7,4
77,2023,7,5
78,2023,7,6
79,2023,7,7
80,2023,7,8
81,2023,7,9
82,2023,7,10
83,2023,7,11
84,2023,7,12
85,2023,8,1
86,2023,8,2
87,2023,8,3
88,2023,8,4
89,2023,8,5
90,2023,8,6
91,2023,8,7
92,2023,8,8
93,2023,8,9
94,2023,8,10
95,2023,8,11
96,2023,8,12
97,2023,9,1
98,2023,9,2
99,2023,9,3
100,2023,9,4
101,2023,9,5
102,2023,9,6
103,2023,9,7
104,2023,9,8
105,2023,9,9
106,2023,9,10
107,2023,9,11
108,2023,9,12
109,2023,10,1
110,2023,10,2
111,2023,10,3
112,2023,10,4
113,2023,10,5
114,2023,10,6
115,2023,10,7
116,2023,10,8
117,2023,10,9
118,2023,10,10
119,2023,10,11
120,2023,10,12
121,2023,11,1
122,2023,11,2
123,2023,11,3
124,2023,11,4
125,2023,11,5
126,2023,11,6
127,2023,11,7
128,2023,11,8
129,2023,11,9
130,2023,11,10
131,2023,11,11
132,2023,11,12
133,2023,12,1
134,2023,12,2
135,2023,12,3
136,2023,12,4
137,2023,12,5
138,2023,12,6
139,2023,12,7
140,2023,12,8
141,2023,12,9
142,2023,12,10
143,2023,12,11
144,2023,12,12
145,2024,1,1
146,2024,1,2
147,2024,1,3
148,2024,1,4
149,2024,1,5
150,2024,1,6
151,2024,1,7
152,2024,1,8
153,2024,1,9
154,2024,1,10
155,2024,1,11
156,2024,1,12
157,2024,2,1
158,2024,2,2
159,2024,2,3
160,2024,2,4
161,2024,2,5
162,2024,2,6
163,2024,2,7
164,2024,2,8
165,2024,2,9
166,2024,2,10
167,2024,2,11
168,2024,2,12
169,2024,3,1
170,2024,3,2
171,2024,3,3
172,2024,3,4
173,2024,3,5
174,2024,3,6
175,2024,3,7
176,2024,3,8
177,2024,3,9
178,2024,3,10
179,2024,3,11
180,2024,3,12
181,2024,4,1
182,2024,4,2
183,2024,4,3
184,2024,4,4
185,2024,4,5
186,2024,4,6
187,2024,4,7
188,2024,4,8
189,2024,4,9
190,2024,4,10
191,2024,4,11
192,2024,4,12
193,2024,5,1
194,2024,5,2
195,2024,5,3
196,2024,5,4
197,2024,5,5
198,2024,5,6
199,2024,5,7
200,2024,5,8
201,2024,5,9
202,2024,5,10
203,2024,5,11
204,2024,5,12
205,2024,6,1
206,2024,6,2
207,2024,6,3
208,2024,6,4
209,2024,6,5
210,2024,6,6
211,2024,6,7
212,2024,6,8
213,2024,6,9
214,2024,6,10
215,2024,6,11
216,2024,6,12
217,2024,7,1
218,2024,7,2
219,2024,7,3
220,2024,7,4
221,2024,7,5
222,2024,7,6
223,2024,7,7
224,2024,7,8
225,2024,7,9
226,2024,7,10
227,2024,7,11
228,2024,7,12
229,2024,8,1
230,2024,8,2
231,2024,8,3
232,2024,8,4
233,2024,8,5
234,2024,8,6
235,2024,8,7
236,2024,8,8
237,2024,8,9
238,2024,8,10
239,2024,8,11
240,2024,8,12
241,2024,9,1
242,2024,9,2
243,2024,9,3
244,2024,9,4
245,2024,9,5
246,2024,9,6
247,2024,9,7
248,2024,9,8
249,2024,9,9
250,2024,9,10
251,2024,9,11
252,2024,9,12
253,2024,10,1
254,2024,10,2
255,2024,10,3
256,2024,10,4
257,2024,10,5
258,2024,10,6
259,2024,10,7
260,2024,10,8
261,2024,10,9
262,2024,10,10
263,2024,10,11
264,2024,10,12
265,2024,11,1
266,2024,11,2
267,2024,11,3
268,2024,11,4
269,2024,11,5
270,2024,11,6
271,2024,11,7
272,2024,11,8
273,2024,11,9
274,2024,11,10
275,2024,11,11
276,2024,11,12
277,2024,12,1
278,2024,12,2
279,2024,12,3
280,2024,12,4
281,2024,12,5
282,2024,12,6
283,2024,12,7
284,2024,12,8
285,2024,12,9
286,2024,12,10
287,2024,12,11
288,2024,12,12
289,2025,1,1
290,2025,1,2
291,2025,1,3
292,2025,1,4
293,2025,1,5
294,2025,1,6
295,2025,1,7
296,2025,1,8
297,2025,1,9
298,2025,1,10
299,2025,1,11
300,2025,1,12
301,2025,2,1
302,2025,2,2
303,2025,2,3
304,2025,2,4
305,2025,2,5
306,2025,2,6
307,2025,2,7
308,2025,2,8
309,2025,2,9
310,2025,2,10
311,2025,2,11
312,2025,2,12
313,2025,3,1
314,2025,3,2
315,2025,3,3
316,2025,3,4
317,2025,3,5
318,2025,3,6
319,2025,3,7
320,2025,3,8
321,2025,3,9
322,2025,3,10
323,2025,3,11
324,2025,3,12
325,2025,4,1
326,2025,4,2
327,2025,4,3
328,2025,4,4
329,2025,4,5
330,2025,4,6
331,2025,4,7
332,2025,4,8
333,2025,4,9
334,2025,4,10
335,2025,4,11
336,2025,4,12
337,2025,5,1
338,2025,5,2
339,2025,5,3
340,2025,5,4
341,2025,5,5
342,2025,5,6
343,2025,5,7
344,2025,5,8
345,2025,5,9
346,2025,5,10
347,2025,5,11
348,2025,5,12
349,2025,6,1
350,2025,6,2
351,2025,6,3
352,2025,6,4
353,2025,6,5
354,2025,6,6
355,2025,6,7
356,2025,6,8
357,2025,6,9
358,2025,6,10
359,2025,6,11
360,2025,6,12
361,2025,7,1
362,2025,7,2
363,2025,7,3
364,2025,7,4
365,2025,7,5
366,2025,7,6
367,2025,7,7
368,2025,7,8
369,2025,7,9
370,2025,7,10
371,2025,7,11
372,2025,7,12
373,2025,8,1
374,2025,8,2
375,2025,8,3
376,2025,8,4
377,2025,8,5
378,2025,8,6
379,2025,8,7
380,2025,8,8
381,2025,8,9
382,2025,8,10
383,2025,8,11
384,2025,8,12
385,2025,9,1
386,2025,9,2
387,2025,9,3
388,2025,9,4
389,2025,9,5
390,2025,9,6
391,2025,9,7
392,2025,9,8
393,2025,9,9
394,2025,9,10
395,2025,9,11
396,2025,9,12
397,2025,10,1
398,2025,10,2
399,2025,10,3
400,2025,10,4
401,2025,10,5
402,2025,10,6
403,2025,10,7
404,2025,10,8
405,2025,10,9
406,2025,10,10
407,2025,10,11
408,2025,10,12
409,2025,11,1
410,2025,11,2
411,2025,11,3
412,2025,11,4
413,2025,11,5
414,2025,11,6
415,2025,11,7
416,2025,11,8
417,2025,11,9
418,2025,11,10
419,2025,11,11
420,2025,11,12
421,2025,12,1
422,2025,12,2
423,2025,12,3
424,2025,12,4
425,2025,12,5
426,2025,12,6
427,2025,12,7
428,2025,12,8
429,2025,12,9
430,2025,12,10
431,2025,12,11
432,2025,12,12
433,2026,1,1
434,2026,1,2
435,2026,1,3
436,2026,1,4
437,2026,1,5
438,2026,1,6
439,2026,1,7
440,2026,1,8
441,2026,1,9
442,2026,1,10
443,2026,1,11
444,2026,1,12
445,2026,2,1
446,2026,2,2
447,2026,2,3
448,2026,2,4
449,2026,2,5
450,2026,2,6
451,2026,2,7
452,2026,2,8
453,2026,2,9
454,2026,2,10
455,2026,2,11
456,2026,2,12
457,2026,3,1
458,2026,3,2
459,2026,3,3
460,2026,3,4
461,2026,3,5
462,2026,3,6
463,2026,3,7
464,2026,3,8
465,2026,3,9
466,2026,3,10
467,2026,3,11
468,2026,3,12
469,2026,4,1
470,2026,4,2
471,2026,4,3
472,2026,4,4
473,2026,4,5
474,2026,4,6
475,2026,4,7
476,2026,4,8
477,2026,4,9
478,2026,4,10
479,2026,4,11
480,2026,4,12
481,2026,5,1
482,2026,5,2
483,2026,5,3
484,2026,5,4
485,2026,5,5
486,2026,5,6
487,2026,5,7
488,2026,5,8
489,2026,5,9
490,2026,5,10
491,2026,5,11
492,2026,5,12
493,2026,6,1
494,2026,6,2
495,2026,6,3
496,2026,6,4
497,2026,6,5
498,2026,6,6
499,2026,6,7
500,2026,6,8
501,2026,6,9
502,2026,6,10
503,2026,6,11
504,2026,6,12
505,2026,7,1
506,2026,7,2
507,2026,7,3
508,2026,7,4
509,2026,7,5
510,2026,7,6
511,2026,7,7
512,2026,7,8
513,2026,7,9
514,2026,7,10
515,2026,7,11
516,2026,7,12
517,2026,8,1
518,2026,8,2
519,2026,8,3
520,2026,8,4
521,2026,8,5
522,2026,8,6
523,2026,8,7
524,2026,8,8
525,2026,8,9
526,2026,8,10
527,2026,8,11
528,2026,8,12
529,2026,9,1
530,2026,9,2
531,2026,9,3
532,2026,9,4
533,2026,9,5
534,2026,9,6
535,2026,9,7
536,2026,9,8
537,2026,9,9
538,2026,9,10
539,2026,9,11
540,2026,9,12
541,2026,10,1
542,2026,10,2
543,2026,10,3
544,2026,10,4
545,2026,10,5
546,2026,10,6
547,2026,10,7
548,2026,10,8
549,2026,10,9
550,2026,10,10
551,2026,10,11
552,2026,10,12
553,2026,11,1
554,2026,11,2
555,2026,11,3
556,2026,11,4
557,2026,11,5
558,2026,11,6
559,2026,11,7
560,2026,11,8
561,2026,11,9
562,2026,11,10
563,2026,11,11
564,2026,11,12
565,2026,12,1
566,2026,12,2
567,2026,12,3
568,2026,12,4
569,2026,12,5
570,2026,12,6
571,2026,12,7
572,2026,12,8
573,2026,12,9
574,2026,12,10
575,2026,12,11
576,2026,12,12
577,2027,1,1
578,2027,1,2
579,2027,1,3
580,2027,1,4
581,2027,1,5
582,2027,1,6
583,2027,1,7
584,2027,1,8
585,2027,1,9
586,2027,1,10
587,2027,1,11
588,2027,1,12
589,2027,2,1
590,2027,2,2
591,2027,2,3
592,2027,2,4
593,2027,2,5
594,2027,2,6
595,2027,2,7
596,2027,2,8
597,2027,2,9
598,2027,2,10
599,2027,2,11
600,2027,2,12
601,2027,3,1
602,2027,3,2
603,2027,3,3
604,2027,3,4
605,2027,3,5
606,2027,3,6
607,2027,3,7
608,2027,3,8
609,2027,3,9
610,2027,3,10
611,2027,3,11
612,2027,3,12
613,2027,4,1
614,2027,4,2
615,2027,4,3
616,2027,4,4
617,2027,4,5
618,2027,4,6
619,2027,4,7
620,2027,4,8
621,2027,4,9
622,2027,4,10
623,2027,4,11
624,2027,4,12
625,2027,5,1
626,2027,5,2
627,2027,5,3
628,2027,5,4
629,2027,5,5
630,2027,5,6
631,2027,5,7
632,2027,5,8
633,2027,5,9
634,2027,5,10
635,2027,5,11
636,2027,5,12
637,2027,6,1
638,2027,6,2
639,2027,6,3
640,2027,6,4
641,2027,6,5
642,2027,6,6
643,2027,6,7
644,2027,6,8
645,2027,6,9
646,2027,6,10
647,2027,6,11
648,2027,6,12
649,2027,7,1
650,2027,7,2
651,2027,7,3
652,2027,7,4
653,2027,7,5
654,2027,7,6
655,2027,7,7
656,2027,7,8
657,2027,7,9
658,2027,7,10
659,2027,7,11
660,2027,7,12
661,2027,8,1
662,2027,8,2
663,2027,8,3
664,2027,8,4
665,2027,8,5
666,2027,8,6
667,2027,8,7
668,2027,8,8
669,2027,8,9
670,2027,8,10
671,2027,8,11
672,2027,8,12
673,2027,9,1
674,2027,9,2
675,2027,9,3
676,2027,9,4
677,2027,9,5
678,2027,9,6
679,2027,9,7
680,2027,9,8
681,2027,9,9
682,2027,9,10
683,2027,9,11
684,2027,9,12
685,2027,10,1
686,2027,10,2
687,2027,10,3
688,2027,10,4
689,2027,10,5
690,2027,10,6
691,2027,10,7
692,2027,10,8
693,2027,10,9
694,2027,10,10
695,2027,10,11
696,2027,10,12
697,2027,11,1
698,2027,11,2
699,2027,11,3
700,2027,11,4
701,2027,11,5
702,2027,11,6
703,2027,11,7
704,2027,11,8
705,2027,11,9
706,2027,11,10
707,2027,11,11
708,2027,11,12
709,2027,12,1
710,2027,12,2
711,2027,12,3
712,2027,12,4
713,2027,12,5
714,2027,12,6
715,2027,12,7
716,2027,12,8
717,2027,12,9
718,2027,12,10
719,2027,12,11
720,2027,12,12
721,2028,1,1
722,2028,1,2
723,2028,1,3
724,2028,1,4
725,2028,1,5
726,2028,1,6
727,2028,1,7
728,2028,1,8
729,2028,1,9
730,2028,1,10
731,2028,1,11
732,2028,1,12
733,2028,2,1
734,2028,2,2
735,2028,2,3
736,2028,2,4
737,2028,2,5
738,2028,2,6
739,2028,2,7
740,2028,2,8
741,2028,2,9
742,2028,2,10
743,2028,2,11
744,2028,2,12
745,2028,3,1
746,2028,3,2
747,2028,3,3
748,2028,3,4
749,2028,3,5
750,2028,3,6
751,2028,3,7
752,2028,3,8
753,2028,3,9
754,2028,3,10
755,2028,3,11
756,2028,3,12
757,2028,4,1
758,2028,4,2
759,2028,4,3
760,2028,4,4
761,2028,4,5
762,2028,4,6
763,2028,4,7
764,2028,4,8
765,2028,4,9
766,2028,4,10
767,2028,4,11
768,2028,4,12
769,2028,5,1
770,2028,5,2
771,2028,5,3
772,2028,5,4
773,2028,5,5
774,2028,5,6
775,2028,5,7
776,2028,5,8
777,2028,5,9
778,2028,5,10
779,2028,5,11
780,2028,5,12
781,2028,6,1
782,2028,6,2
783,2028,6,3
784,2028,6,4
785,2028,6,5
786,2028,6,6
787,2028,6,7
788,2028,6,8
789,2028,6,9
790,2028,6,10
791,2028,6,11
792,2028,6,12
793,2028,7,1
794,2028,7,2
795,2028,7,3
796,2028,7,4
797,2028,7,5
798,2028,7,6
799,2028,7,7
800,2028,7,8
801,2028,7,9
802,2028,7,10
803,2028,7,11
804,2028,7,12
805,2028,8,1
806,2028,8,2
807,2028,8,3
808,2028,8,4
809,2028,8,5
810,2028,8,6
811,2028,8,7
812,2028,8,8
813,2028,8,9
814,2028,8,10
815,2028,8,11
816,2028,8,12
817,2028,9,1
818,2028,9,2
819,2028,9,3
820,2028,9,4
821,2028,9,5
822,2028,9,6
823,2028,9,7
824,2028,9,8
825,2028,9,9
826,2028,9,10
827,2028,9,11
828,2028,9,12
829,2028,10,1
830,2028,10,2
831,2028,10,3
832,2028,10,4
833,2028,10,5
834,2028,10,6
835,2028,10,7
836,2028,10,8
837,2028,10,9
838,2028,10,10
839,2028,10,11
840,2028,10,12
841,2028,11,1
842,2028,11,2
843,2028,11,3
844,2028,11,4
845,2028,11,5
846,2028,11,6
847,2028,11,7
848,2028,11,8
849,2028,11,9
850,2028,11,10
851,2028,11,11
852,2028,11,12
853,2028,12,1
854,2028,12,2
855,2028,12,3
856,2028,12,4
857,2028,12,5
858,2028,12,6
859,2028,12,7
860,2028,12,8
861,2028,12,9
862,2028,12,10
863,2028,12,11
864,2028,12,12
865,2029,1,1
866,2029,1,2
867,2029,1,3
868,2029,1,4
869,2029,1,5
870,2029,1,6
871,2029,1,7
872,2029,1,8
873,2029,1,9
874,2029,1,10
875,2029,1,11
876,2029,1,12
877,2029,2,1
878,2029,2,2
879,2029,2,3
880,2029,2,4
881,2029,2,5
882,2029,2,6
883,2029,2,7
884,2029,2,8
885,2029,2,9
886,2029,2,10
887,2029,2,11
888,2029,2,12
889,2029,3,1
890,2029,3,2
891,2029,3,3
892,2029,3,4
893,2029,3,5
894,2029,3,6
895,2029,3,7
896,2029,3,8
897,2029,3,9
898,2029,3,10
899,2029,3,11
900,2029,3,12
901,2029,4,1
902,2029,4,2
903,2029,4,3
904,2029,4,4
905,2029,4,5
906,2029,4,6
907,2029,4,7
908,2029,4,8
909,2029,4,9
910,2029,4,10
911,2029,4,11
912,2029,4,12
913,2029,5,1
914,2029,5,2
915,2029,5,3
916,2029,5,4
917,2029,5,5
918,2029,5,6
919,2029,5,7
920,2029,5,8
921,2029,5,9
922,2029,5,10
923,2029,5,11
924,2029,5,12
925,2029,6,1
926,2029,6,2
927,2029,6,3
928,2029,6,4
929,2029,6,5
930,2029,6,6
931,2029,6,7
932,2029,6,8
933,2029,6,9
934,2029,6,10
935,2029,6,11
936,2029,6,12
937,2029,7,1
938,2029,7,2
939,2029,7,3
940,2029,7,4
941,2029,7,5
942,2029,7,6
943,2029,7,7
944,2029,7,8
945,2029,7,9
946,2029,7,10
947,2029,7,11
948,2029,7,12
949,2029,8,1
950,2029,8,2
951,2029,8,3
952,2029,8,4
953,2029,8,5
954,2029,8,6
955,2029,8,7
956,2029,8,8
957,2029,8,9
958,2029,8,10
959,2029,8,11
960,2029,8,12
961,2029,9,1
962,2029,9,2
963,2029,9,3
964,2029,9,4
965,2029,9,5
966,2029,9,6
967,2029,9,7
968,2029,9,8
969,2029,9,9
970,2029,9,10
971,2029,9,11
972,2029,9,12
973,2029,10,1
974,2029,10,2
975,2029,10,3
976,2029,10,4
977,2029,10,5
978,2029,10,6
979,2029,10,7
980,2029,10,8
981,2029,10,9
982,2029,10,10
983,2029,10,11
984,2029,10,12
985,2029,11,1
986,2029,11,2
987,2029,11,3
988,2029,11,4
989,2029,11,5
990,2029,11,6
991,2029,11,7
992,2029,11,8
993,2029,11,9
994,2029,11,10
995,2029,11,11
996,2029,11,12
997,2029,12,1
998,2029,12,2
999,2029,12,3
1000,2029,12,4
1001,2029,12,5
1002,2029,12,6
1003,2029,12,7
1004,2029,12,8
1005,2029,12,9
1006,2029,12,10
1007,2029,12,11
1008,2029,12,12
1009,2030,1,1
1010,2030,1,2
1011,2030,1,3
1012,2030,1,4
1013,2030,1,5
1014,2030,1,6
1015,2030,1,7
1016,2030,1,8
1017,2030,1,9
1018,2030,1,10
1019,2030,1,11
1020,2030,1,12
1021,2030,2,1
1022,2030,2,2
1023,2030,2,3
1024,2030,2,4
1025,2030,2,5
1026,2030,2,6
1027,2030,2,7
1028,2030,2,8
1029,2030,2,9
1030,2030,2,10
1031,2030,2,11
1032,2030,2,12
1033,2030,3,1
1034,2030,3,2
1035,2030,3,3
1036,2030,3,4
1037,2030,3,5
1038,2030,3,6
1039,2030,3,7
1040,2030,3,8
1041,2030,3,9
1042,2030,3,10
1043,2030,3,11
1044,2030,3,12
1045,2030,4,1
1046,2030,4,2
1047,2030,4,3
1048,2030,4,4
1049,2030,4,5
1050,2030,4,6
1051,2030,4,7
1052,2030,4,8
1053,2030,4,9
1054,2030,4,10
1055,2030,4,11
1056,2030,4,12
1057,2030,5,1
1058,2030,5,2
1059,2030,5,3
1060,2030,5,4
1061,2030,5,5
1062,2030,5,6
1063,2030,5,7
1064,2030,5,8
1065,2030,5,9
1066,2030,5,10
1067,2030,5,11
1068,2030,5,12
1069,2030,6,1
1070,2030,6,2
1071,2030,6,3
1072,2030,6,4
1073,2030,6,5
1074,2030,6,6
1075,2030,6,7
1076,2030,6,8
1077,2030,6,9
1078,2030,6,10
1079,2030,6,11
1080,2030,6,12
1081,2030,7,1
1082,2030,7,2
1083,2030,7,3
1084,2030,7,4
1085,2030,7,5
1086,2030,7,6
1087,2030,7,7
1088,2030,7,8
1089,2030,7,9
1090,2030,7,10
1091,2030,7,11
1092,2030,7,12
1093,2030,8,1
1094,2030,8,2
1095,2030,8,3
1096,2030,8,4
1097,2030,8,5
1098,2030,8,6
1099,2030,8,7
1100,2030,8,8
1101,2030,8,9
1102,2030,8,10
1103,2030,8,11
1104,2030,8,12
1105,2030,9,1
1106,2030,9,2
1107,2030,9,3
1108,2030,9,4
1109,2030,9,5
1110,2030,9,6
1111,2030,9,7
1112,2030,9,8
1113,2030,9,9
1114,2030,9,10
1115,2030,9,11
1116,2030,9,12
1117,2030,10,1
1118,2030,10,2
1119,2030,10,3
1120,2030,10,4
1121,2030,10,5
1122,2030,10,6
1123,2030,10,7
1124,2030,10,8
1125,2030,10,9
1126,2030,10,10
1127,2030,10,11
1128,2030,10,12
1129,2030,11,1
1130,2030,11,2
1131,2030,11,3
1132,2030,11,4
1133,2030,11,5
1134,2030,11,6
1135,2030,11,7
1136,2030,11,8
1137,2030,11,9
1138,2030,11,10
1139,2030,11,11
1140,2030,11,12
1141,2030,12,1
1142,2030,12,2
1143,2030,12,3
1144,2030,12,4
1145,2030,12,5
1146,2030,12,6
1147,2030,12,7
1148,2030,12,8
1149,2030,12,9
1150,2030,12,10
1151,2030,12,11
1152,2030,12,12
1153,2031,1,1
1154,2031,1,2
1155,2031,1,3
1156,2031,1,4
1157,2031,1,5
1158,2031,1,6
1159,2031,1,7
1160,2031,1,8
1161,2031,1,9
1162,2031,1,10
1163,2031,1,11
1164,2031,1,12
1165,2031,2,1
1166,2031,2,2
1167,2031,2,3
1168,2031,2,4
1169,2031,2,5
1170,2031,2,6
1171,2031,2,7
1172,2031,2,8
1173,2031,2,9
1174,2031,2,10
1175,2031,2,11
1176,2031,2,12
1177,2031,3,1
1178,2031,3,2
1179,2031,3,3
1180,2031,3,4
1181,2031,3,5
1182,2031,3,6
1183,2031,3,7
1184,2031,3,8
1185,2031,3,9
1186,2031,3,10
1187,2031,3,11
1188,2031,3,12
1189,2031,4,1
1190,2031,4,2
1191,2031,4,3
1192,2031,4,4
1193,2031,4,5
1194,2031,4,6
1195,2031,4,7
1196,2031,4,8
1197,2031,4,9
1198,2031,4,10
1199,2031,4,11
1200,2031,4,12
1201,2031,5,1
1202,2031,5,2
1203,2031,5,3
1204,2031,5,4
1205,2031,5,5
1206,2031,5,6
1207,2031,5,7
1208,2031,5,8
1209,2031,5,9
1210,2031,5,10
1211,2031,5,11
1212,2031,5,12
1213,2031,6,1
1214,2031,6,2
1215,2031,6,3
1216,2031,6,4
1217,2031,6,5
1218,2031,6,6
1219,2031,6,7
1220,2031,6,8
1221,2031,6,9
1222,2031,6,10
1223,2031,6,11
1224,2031,6,12
1225,2031,7,1
1226,2031,7,2
1227,2031,7,3
1228,2031,7,4
1229,2031,7,5
1230,2031,7,6
1231,2031,7,7
1232,2031,7,8
1233,2031,7,9
1234,2031,7,10
1235,2031,7,11
1236,2031,7,12
1237,2031,8,1
1238,2031,8,2
1239,2031,8,3
1240,2031,8,4
1241,2031,8,5
1242,2031,8,6
1243,2031,8,7
1244,2031,8,8
1245,2031,8,9
1246,2031,8,10
1247,2031,8,11
1248,2031,8,12
1249,2031,9,1
1250,2031,9,2
1251,2031,9,3
1252,2031,9,4
1253,2031,9,5
1254,2031,9,6
1255,2031,9,7
1256,2031,9,8
1257,2031,9,9
1258,2031,9,10
1259,2031,9,11
1260,2031,9,12
1261,2031,10,1
1262,2031,10,2
1263,2031,10,3
1264,2031,10,4
1265,2031,10,5
1266,2031,10,6
1267,2031,10,7
1268,2031,10,8
1269,2031,10,9
1270,2031,10,10
1271,2031,10,11
1272,2031,10,12
1273,2031,11,1
1274,2031,11,2
1275,2031,11,3
1276,2031,11,4
1277,2031,11,5
1278,2031,11,6
1279,2031,11,7
1280,2031,11,8
1281,2031,11,9
1282,2031,11,10
1283,2031,11,11
1284,2031,11,12
1285,2031,12,1
1286,2031,12,2
1287,2031,12,3
1288,2031,12,4
1289,2031,12,5
1290,2031,12,6
1291,2031,12,7
1292,2031,12,8
1293,2031,12,9
1294,2031,12,10
1295,2031,12,11
1296,2031,12,12
1297,2032,1,1
1298,2032,1,2
1299,2032,1,3
1300,2032,1,4
1301,2032,1,5
1302,2032,1,6
1303,2032,1,7
1304,2032,1,8
1305,2032,1,9
1306,2032,1,10
1307,2032,1,11
1308,2032,1,12
1309,2032,2,1
1310,2032,2,2
1311,2032,2,3
1312,2032,2,4
1313,2032,2,5
1314,2032,2,6
1315,2032,2,7
1316,2032,2,8
1317,2032,2,9
1318,2032,2,10
1319,2032,2,11
1320,2032,2,12
1321,2032,3,1
1322,2032,3,2
1323,2032,3,3
1324,2032,3,4
1325,2032,3,5
1326,2032,3,6
1327,2032,3,7
1328,2032,3,8
1329,2032,3,9
1330,2032,3,10
1331,2032,3,11
1332,2032,3,12
1333,2032,4,1
1334,2032,4,2
1335,2032,4,3
1336,2032,4,4
1337,2032,4,5
1338,2032,4,6
1339,2032,4,7
1340,2032,4,8
1341,2032,4,9
1342,2032,4,10
1343,2032,4,11
1344,2032,4,12
1345,2032,5,1
1346,2032,5,2
1347,2032,5,3
1348,2032,5,4
1349,2032,5,5
1350,2032,5,6
1351,2032,5,7
1352,2032,5,8
1353,2032,5,9
1354,2032,5,10
1355,2032,5,11
1356,2032,5,12
1357,2032,6,1
1358,2032,6,2
1359,2032,6,3
1360,2032,6,4
1361,2032,6,5
1362,2032,6,6
1363,2032,6,7
1364,2032,6,8
1365,2032,6,9
1366,2032,6,10
1367,2032,6,11
1368,2032,6,12
1369,2032,7,1
1370,2032,7,2
1371,2032,7,3
1372,2032,7,4
1373,2032,7,5
1374,2032,7,6
1375,2032,7,7
1376,2032,7,8
1377,2032,7,9
1378,2032,7,10
1379,2032,7,11
1380,2032,7,12
1381,2032,8,1
1382,2032,8,2
1383,2032,8,3
1384,2032,8,4
1385,2032,8,5
1386,2032,8,6
1387,2032,8,7
1388,2032,8,8
1389,2032,8,9
1390,2032,8,10
1391,2032,8,11
1392,2032,8,12
1393,2032,9,1
1394,2032,9,2
1395,2032,9,3
1396,2032,9,4
1397,2032,9,5
1398,2032,9,6
1399,2032,9,7
1400,2032,9,8
1401,2032,9,9
1402,2032,9,10
1403,2032,9,11
1404,2032,9,12
1405,2032,10,1
1406,2032,10,2
1407,2032,10,3
1408,2032,10,4
1409,2032,10,5
1410,2032,10,6
1411,2032,10,7
1412,2032,10,8
1413,2032,10,9
1414,2032,10,10
1415,2032,10,11
1416,2032,10,12
1417,2032,11,1
1418,2032,11,2
1419,2032,11,3
1420,2032,11,4
1421,2032,11,5
1422,2032,11,6
1423,2032,11,7
1424,2032,11,8
1425,2032,11,9
1426,2032,11,10
1427,2032,11,11
1428,2032,11,12
1429,2032,12,1
1430,2032,12,2
1431,2032,12,3
1432,2032,12,4
1433,2032,12,5
1434,2032,12,6
1435,2032,12,7
1436,2032,12,8
1437,2032,12,9
1438,2032,12,10
1439,2032,12,11
1440,2032,12,12
1441,2033,1,1
1442,2033,1,2
1443,2033,1,3
1444,2033,1,4
1445,2033,1,5
1446,2033,1,6
1447,2033,1,7
1448,2033,1,8
1449,2033,1,9
1450,2033,1,10
1451,2033,1,11
1452,2033,1,12
1453,2033,2,1
1454,2033,2,2
1455,2033,2,3
1456,2033,2,4
1457,2033,2,5
1458,2033,2,6
1459,2033,2,7
1460,2033,2,8
1461,2033,2,9
1462,2033,2,10
1463,2033,2,11
1464,2033,2,12
1465,2033,3,1
1466,2033,3,2
1467,2033,3,3
1468,2033,3,4
1469,2033,3,5
1470,2033,3,6
1471,2033,3,7
1472,2033,3,8
1473,2033,3,9
1474,2033,3,10
1475,2033,3,11
1476,2033,3,12
1477,2033,4,1
1478,2033,4,2
1479,2033,4,3
1480,2033,4,4
1481,2033,4,5
1482,2033,4,6
1483,2033,4,7
1484,2033,4,8
1485,2033,4,9
1486,2033,4,10
1487,2033,4,11
1488,2033,4,12
1489,2033,5,1
1490,2033,5,2
1491,2033,5,3
1492,2033,5,4
1493,2033,5,5
1494,2033,5,6
1495,2033,5,7
1496,2033,5,8
1497,2033,5,9
1498,2033,5,10
1499,2033,5,11
1500,2033,5,12
1501,2033,6,1
1502,2033,6,2
1503,2033,6,3
1504,2033,6,4
1505,2033,6,5
1506,2033,6,6
1507,2033,6,7
1508,2033,6,8
1509,2033,6,9
1510,2033,6,10
1511,2033,6,11
1512,2033,6,12
1513,2033,7,1
1514,2033,7,2
1515,2033,7,3
1516,2033,7,4
1517,2033,7,5
1518,2033,7,6
1519,2033,7,7
1520,2033,7,8
1521,2033,7,9
1522,2033,7,10
1523,2033,7,11
1524,2033,7,12
1525,2033,8,1
1526,2033,8,2
1527,2033,8,3
1528,2033,8,4
1529,2033,8,5
1530,2033,8,6
1531,2033,8,7
1532,2033,8,8
1533,2033,8,9
1534,2033,8,10
1535,2033,8,11
1536,2033,8,12
1537,2033,9,1
1538,2033,9,2
1539,2033,9,3
1540,2033,9,4
1541,2033,9,5
1542,2033,9,6
1543,2033,9,7
1544,2033,9,8
1545,2033,9,9
1546,2033,9,10
1547,2033,9,11
1548,2033,9,12
1549,2033,10,1
1550,2033,10,2
1551,2033,10,3
1552,2033,10,4
1553,2033,10,5
1554,2033,10,6
1555,2033,10,7
1556,2033,10,8
1557,2033,10,9
1558,2033,10,10
1559,2033,10,11
1560,2033,10,12
1561,2033,11,1
1562,2033,11,2
1563,2033,11,3
1564,2033,11,4
1565,2033,11,5
1566,2033,11,6
1567,2033,11,7
1568,2033,11,8
1569,2033,11,9
1570,2033,11,10
1571,2033,11,11
1572,2033,11,12
1573,2033,12,1
1574,2033,12,2
1575,2033,12,3
1576,2033,12,4
1577,2033,12,5
1578,2033,12,6
1579,2033,12,7
1580,2033,12,8
1581,2033,12,9
1582,2033,12,10
1583,2033,12,11
1584,2033,12,12
1585,2034,1,1
1586,2034,1,2
1587,2034,1,3
1588,2034,1,4
1589,2034,1,5
1590,2034,1,6
1591,2034,1,7
1592,2034,1,8
1593,2034,1,9
1594,2034,1,10
1595,2034,1,11
1596,2034,1,12
1597,2034,2,1
1598,2034,2,2
1599,2034,2,3
1600,2034,2,4
1601,2034,2,5
1602,2034,2,6
1603,2034,2,7
1604,2034,2,8
1605,2034,2,9
1606,2034,2,10
1607,2034,2,11
1608,2034,2,12
1609,2034,3,1
1610,2034,3,2
1611,2034,3,3
1612,2034,3,4
1613,2034,3,5
1614,2034,3,6
1615,2034,3,7
1616,2034,3,8
1617,2034,3,9
1618,2034,3,10
1619,2034,3,11
1620,2034,3,12
1621,2034,4,1
1622,2034,4,2
1623,2034,4,3
1624,2034,4,4
1625,2034,4,5
1626,2034,4,6
1627,2034,4,7
1628,2034,4,8
1629,2034,4,9
1630,2034,4,10
1631,2034,4,11
1632,2034,4,12
1633,2034,5,1
1634,2034,5,2
1635,2034,5,3
1636,2034,5,4
1637,2034,5,5
1638,2034,5,6
1639,2034,5,7
1640,2034,5,8
1641,2034,5,9
1642,2034,5,10
1643,2034,5,11
1644,2034,5,12
1645,2034,6,1
1646,2034,6,2
1647,2034,6,3
1648,2034,6,4
1649,2034,6,5
1650,2034,6,6
1651,2034,6,7
1652,2034,6,8
1653,2034,6,9
1654,2034,6,10
1655,2034,6,11
1656,2034,6,12
1657,2034,7,1
1658,2034,7,2
1659,2034,7,3
1660,2034,7,4
1661,2034,7,5
1662,2034,7,6
1663,2034,7,7
1664,2034,7,8
1665,2034,7,9
1666,2034,7,10
1667,2034,7,11
1668,2034,7,12
1669,2034,8,1
1670,2034,8,2
1671,2034,8,3
1672,2034,8,4
1673,2034,8,5
1674,2034,8,6
1675,2034,8,7
1676,2034,8,8
1677,2034,8,9
1678,2034,8,10
1679,2034,8,11
1680,2034,8,12
1681,2034,9,1
1682,2034,9,2
1683,2034,9,3
1684,2034,9,4
1685,2034,9,5
1686,2034,9,6
1687,2034,9,7
1688,2034,9,8
1689,2034,9,9
1690,2034,9,10
1691,2034,9,11
1692,2034,9,12
1693,2034,10,1
1694,2034,10,2
1695,2034,10,3
1696,2034,10,4
1697,2034,10,5
1698,2034,10,6
1699,2034,10,7
1700,2034,10,8
1701,2034,10,9
1702,2034,10,10
1703,2034,10,11
1704,2034,10,12
1705,2034,11,1
1706,2034,11,2
1707,2034,11,3
1708,2034,11,4
1709,2034,11,5
1710,2034,11,6
1711,2034,11,7
1712,2034,11,8
1713,2034,11,9
1714,2034,11,10
1715,2034,11,11
1716,2034,11,12
1717,2034,12,1
1718,2034,12,2
1719,2034,12,3
1720,2034,12,4
1721,2034,12,5
1722,2034,12,6
1723,2034,12,7
1724,2034,12,8
1725,2034,12,9
1726,2034,12,10
1727,2034,12,11
1728,2034,12,12
1729,2035,1,1
1730,2035,1,2
1731,2035,1,3
1732,2035,1,4
1733,2035,1,5
1734,2035,1,6
1735,2035,1,7
1736,2035,1,8
1737,2035,1,9
1738,2035,1,10
1739,2035,1,11
1740,2035,1,12
1741,2035,2,1
1742,2035,2,2
1743,2035,2,3
1744,2035,2,4
1745,2035,2,5
1746,2035,2,6
1747,2035,2,7
1748,2035,2,8
1749,2035,2,9
1750,2035,2,10
1751,2035,2,11
1752,2035,2,12
1753,2035,3,1
1754,2035,3,2
1755,2035,3,3
1756,2035,3,4
1757,2035,3,5
1758,2035,3,6
1759,2035,3,7
1760,2035,3,8
1761,2035,3,9
1762,2035,3,10
1763,2035,3,11
1764,2035,3,12
1765,2035,4,1
1766,2035,4,2
1767,2035,4,3
1768,2035,4,4
1769,2035,4,5
1770,2035,4,6
1771,2035,4,7
1772,2035,4,8
1773,2035,4,9
1774,2035,4,10
1775,2035,4,11
1776,2035,4,12
1777,2035,5,1
1778,2035,5,2
1779,2035,5,3
1780,2035,5,4
1781,2035,5,5
1782,2035,5,6
1783,2035,5,7
1784,2035,5,8
1785,2035,5,9
1786,2035,5,10
1787,2035,5,11
1788,2035,5,12
1789,2035,6,1
1790,2035,6,2
1791,2035,6,3
1792,2035,6,4
1793,2035,6,5
1794,2035,6,6
1795,2035,6,7
1796,2035,6,8
1797,2035,6,9
1798,2035,6,10
1799,2035,6,11
1800,2035,6,12
1801,2035,7,1
1802,2035,7,2
1803,2035,7,3
1804,2035,7,4
1805,2035,7,5
1806,2035,7,6
1807,2035,7,7
1808,2035,7,8
1809,2035,7,9
1810,2035,7,10
1811,2035,7,11
1812,2035,7,12
1813,2035,8,1
1814,2035,8,2
1815,2035,8,3
1816,2035,8,4
1817,2035,8,5
1818,2035,8,6
1819,2035,8,7
1820,2035,8,8
1821,2035,8,9
1822,2035,8,10
1823,2035,8,11
1824,2035,8,12
1825,2035,9,1
1826,2035,9,2
1827,2035,9,3
1828,2035,9,4
1829,2035,9,5
1830,2035,9,6
1831,2035,9,7
1832,2035,9,8
1833,2035,9,9
1834,2035,9,10
1835,2035,9,11
1836,2035,9,12
1837,2035,10,1
1838,2035,10,2
1839,2035,10,3
1840,2035,10,4
1841,2035,10,5
1842,2035,10,6
1843,2035,10,7
1844,2035,10,8
1845,2035,10,9
1846,2035,10,10
1847,2035,10,11
1848,2035,10,12
1849,2035,11,1
1850,2035,11,2
1851,2035,11,3
1852,2035,11,4
1853,2035,11,5
1854,2035,11,6
1855,2035,11,7
1856,2035,11,8
1857,2035,11,9
1858,2035,11,10
1859,2035,11,11
1860,2035,11,12
1861,2035,12,1
1862,2035,12,2
1863,2035,12,3
1864,2035,12,4
1865,2035,12,5
1866,2035,12,6
1867,2035,12,7
1868,2035,12,8
1869,2035,12,9
1870,2035,12,10
1871,2035,12,11
1872,2035,12,12
1873,2036,1,1
1874,2036,1,2
1875,2036,1,3
1876,2036,1,4
1877,2036,1,5
1878,2036,1,6
1879,2036,1,7
1880,2036,1,8
1881,2036,1,9
1882,2036,1,10
1883,2036,1,11
1884,2036,1,12
1885,2036,2,1
1886,2036,2,2
1887,2036,2,3
1888,2036,2,4
1889,2036,2,5
1890,2036,2,6
1891,2036,2,7
1892,2036,2,8
1893,2036,2,9
1894,2036,2,10
1895,2036,2,11
1896,2036,2,12
1897,2036,3,1
1898,2036,3,2
1899,2036,3,3
1900,2036,3,4
1901,2036,3,5
1902,2036,3,6
1903,2036,3,7
1904,2036,3,8
1905,2036,3,9
1906,2036,3,10
1907,2036,3,11
1908,2036,3,12
1909,2036,4,1
1910,2036,4,2
1911,2036,4,3
1912,2036,4,4
1913,2036,4,5
1914,2036,4,6
1915,2036,4,7
1916,2036,4,8
1917,2036,4,9
1918,2036,4,10
1919,2036,4,11
1920,2036,4,12
1921,2036,5,1
1922,2036,5,2
1923,2036,5,3
1924,2036,5,4
1925,2036,5,5
1926,2036,5,6
1927,2036,5,7
1928,2036,5,8
1929,2036,5,9
1930,2036,5,10
1931,2036,5,11
1932,2036,5,12
1933,2036,6,1
1934,2036,6,2
1935,2036,6,3
1936,2036,6,4
1937,2036,6,5
1938,2036,6,6
1939,2036,6,7
1940,2036,6,8
1941,2036,6,9
1942,2036,6,10
1943,2036,6,11
1944,2036,6,12
1945,2036,7,1
1946,2036,7,2
1947,2036,7,3
1948,2036,7,4
1949,2036,7,5
1950,2036,7,6
1951,2036,7,7
1952,2036,7,8
1953,2036,7,9
1954,2036,7,10
1955,2036,7,11
1956,2036,7,12
1957,2036,8,1
1958,2036,8,2
1959,2036,8,3
1960,2036,8,4
1961,2036,8,5
1962,2036,8,6
1963,2036,8,7
1964,2036,8,8
1965,2036,8,9
1966,2036,8,10
1967,2036,8,11
1968,2036,8,12
1969,2036,9,1
1970,2036,9,2
1971,2036,9,3
1972,2036,9,4
1973,2036,9,5
1974,2036,9,6
1975,2036,9,7
1976,2036,9,8
1977,2036,9,9
1978,2036,9,10
1979,2036,9,11
1980,2036,9,12
1981,2036,10,1
1982,2036,10,2
1983,2036,10,3
1984,2036,10,4
1985,2036,10,5
1986,2036,10,6
1987,2036,10,7
1988,2036,10,8
1989,2036,10,9
1990,2036,10,10
1991,2036,10,11
1992,2036,10,12
1993,2036,11,1
1994,2036,11,2
1995,2036,11,3
1996,2036,11,4
1997,2036,11,5
1998,2036,11,6
1999,2036,11,7
2000,2036,11,8
2001,2036,11,9
2002,2036,11,10
2003,2036,11,11
2004,2036,11,12
2005,2036,12,1
2006,2036,12,2
2007,2036,12,3
2008,2036,12,4
2009,2036,12,5
2010,2036,12,6
2011,2036,12,7
2012,2036,12,8
2013,2036,12,9
2014,2036,12,10
2015,2036,12,11
2016,2036,12,12
2017,2037,1,1
2018,2037,1,2
2019,2037,1,3
2020,2037,1,4
2021,2037,1,5
2022,2037,1,6
2023,2037,1,7
2024,2037,1,8
2025,2037,1,9
2026,2037,1,10
2027,2037,1,11
2028,2037,1,12
2029,2037,2,1
2030,2037,2,2
2031,2037,2,3
2032,2037,2,4
2033,2037,2,5
2034,2037,2,6
2035,2037,2,7
2036,2037,2,8
2037,2037,2,9
2038,2037,2,10
2039,2037,2,11
2040,2037,2,12
2041,2037,3,1
2042,2037,3,2
2043,2037,3,3
2044,2037,3,4
2045,2037,3,5
2046,2037,3,6
2047,2037,3,7
2048,2037,3,8
2049,2037,3,9
2050,2037,3,10
2051,2037,3,11
2052,2037,3,12
2053,2037,4,1
2054,2037,4,2
2055,2037,4,3
2056,2037,4,4
2057,2037,4,5
2058,2037,4,6
2059,2037,4,7
2060,2037,4,8
2061,2037,4,9
2062,2037,4,10
2063,2037,4,11
2064,2037,4,12
2065,2037,5,1
2066,2037,5,2
2067,2037,5,3
2068,2037,5,4
2069,2037,5,5
2070,2037,5,6
2071,2037,5,7
2072,2037,5,8
2073,2037,5,9
2074,2037,5,10
2075,2037,5,11
2076,2037,5,12
2077,2037,6,1
2078,2037,6,2
2079,2037,6,3
2080,2037,6,4
2081,2037,6,5
2082,2037,6,6
2083,2037,6,7
2084,2037,6,8
2085,2037,6,9
2086,2037,6,10
2087,2037,6,11
2088,2037,6,12
2089,2037,7,1
2090,2037,7,2
2091,2037,7,3
2092,2037,7,4
2093,2037,7,5
2094,2037,7,6
2095,2037,7,7
2096,2037,7,8
2097,2037,7,9
2098,2037,7,10
2099,2037,7,11
2100,2037,7,12
2101,2037,8,1
2102,2037,8,2
2103,2037,8,3
2104,2037,8,4
2105,2037,8,5
2106,2037,8,6
2107,2037,8,7
2108,2037,8,8
2109,2037,8,9
2110,2037,8,10
2111,2037,8,11
2112,2037,8,12
2113,2037,9,1
2114,2037,9,2
2115,2037,9,3
2116,2037,9,4
2117,2037,9,5
2118,2037,9,6
2119,2037,9,7
2120,2037,9,8
2121,2037,9,9
2122,2037,9,10
2123,2037,9,11
2124,2037,9,12
2125,2037,10,1
2126,2037,10,2
2127,2037,10,3
2128,2037,10,4
2129,2037,10,5
2130,2037,10,6
2131,2037,10,7
2132,2037,10,8
2133,2037,10,9
2134,2037,10,10
2135,2037,10,11
2136,2037,10,12
2137,2037,11,1
2138,2037,11,2
2139,2037,11,3
2140,2037,11,4
2141,2037,11,5
2142,2037,11,6
2143,2037,11,7
2144,2037,11,8
2145,2037,11,9
2146,2037,11,10
2147,2037,11,11
2148,2037,11,12
2149,2037,12,1
2150,2037,12,2
2151,2037,12,3
2152,2037,12,4
2153,2037,12,5
2154,2037,12,6
2155,2037,12,7
2156,2037,12,8
2157,2037,12,9
2158,2037,12,10
2159,2037,12,11
2160,2037,12,12
2161,2038,1,1
2162,2038,1,2
2163,2038,1,3
2164,2038,1,4
2165,2038,1,5
2166,2038,1,6
2167,2038,1,7
2168,2038,1,8
2169,2038,1,9
2170,2038,1,10
2171,2038,1,11
2172,2038,1,12
2173,2038,2,1
2174,2038,2,2
2175,2038,2,3
2176,2038,2,4
2177,2038,2,5
2178,2038,2,6
2179,2038,2,7
2180,2038,2,8
2181,2038,2,9
2182,2038,2,10
2183,2038,2,11
2184,2038,2,12
2185,2038,3,1
2186,2038,3,2
2187,2038,3,3
2188,2038,3,4
2189,2038,3,5
2190,2038,3,6
2191,2038,3,7
2192,2038,3,8
2193,2038,3,9
2194,2038,3,10
2195,2038,3,11
2196,2038,3,12
2197,2038,4,1
2198,2038,4,2
2199,2038,4,3
2200,2038,4,4
2201,2038,4,5
2202,2038,4,6
2203,2038,4,7
2204,2038,4,8
2205,2038,4,9
2206,2038,4,10
2207,2038,4,11
2208,2038,4,12
2209,2038,5,1
2210,2038,5,2
2211,2038,5,3
2212,2038,5,4
2213,2038,5,5
2214,2038,5,6
2215,2038,5,7
2216,2038,5,8
2217,2038,5,9
2218,2038,5,10
2219,2038,5,11
2220,2038,5,12
2221,2038,6,1
2222,2038,6,2
2223,2038,6,3
2224,2038,6,4
2225,2038,6,5
2226,2038,6,6
2227,2038,6,7
2228,2038,6,8
2229,2038,6,9
2230,2038,6,10
2231,2038,6,11
2232,2038,6,12
2233,2038,7,1
2234,2038,7,2
2235,2038,7,3
2236,2038,7,4
2237,2038,7,5
2238,2038,7,6
2239,2038,7,7
2240,2038,7,8
2241,2038,7,9
2242,2038,7,10
2243,2038,7,11
2244,2038,7,12
2245,2038,8,1
2246,2038,8,2
2247,2038,8,3
2248,2038,8,4
2249,2038,8,5
2250,2038,8,6
2251,2038,8,7
2252,2038,8,8
2253,2038,8,9
2254,2038,8,10
2255,2038,8,11
2256,2038,8,12
2257,2038,9,1
2258,2038,9,2
2259,2038,9,3
2260,2038,9,4
2261,2038,9,5
2262,2038,9,6
2263,2038,9,7
2264,2038,9,8
2265,2038,9,9
2266,2038,9,10
2267,2038,9,11
2268,2038,9,12
2269,2038,10,1
2270,2038,10,2
2271,2038,10,3
2272,2038,10,4
2273,2038,10,5
2274,2038,10,6
2275,2038,10,7
2276,2038,10,8
2277,2038,10,9
2278,2038,10,10
2279,2038,10,11
2280,2038,10,12
2281,2038,11,1
2282,2038,11,2
2283,2038,11,3
2284,2038,11,4
2285,2038,11,5
2286,2038,11,6
2287,2038,11,7
2288,2038,11,8
2289,2038,11,9
2290,2038,11,10
2291,2038,11,11
2292,2038,11,12
2293,2038,12,1
2294,2038,12,2
2295,2038,12,3
2296,2038,12,4
2297,2038,12,5
2298,2038,12,6
2299,2038,12,7
2300,2038,12,8
2301,2038,12,9
2302,2038,12,10
2303,2038,12,11
2304,2038,12,12
2305,2039,1,1
2306,2039,1,2
2307,2039,1,3
2308,2039,1,4
2309,2039,1,5
2310,2039,1,6
2311,2039,1,7
2312,2039,1,8
2313,2039,1,9
2314,2039,1,10
2315,2039,1,11
2316,2039,1,12
2317,2039,2,1
2318,2039,2,2
2319,2039,2,3
2320,2039,2,4
2321,2039,2,5
2322,2039,2,6
2323,2039,2,7
2324,2039,2,8
2325,2039,2,9
2326,2039,2,10
2327,2039,2,11
2328,2039,2,12
2329,2039,3,1
2330,2039,3,2
2331,2039,3,3
2332,2039,3,4
2333,2039,3,5
2334,2039,3,6
2335,2039,3,7
2336,2039,3,8
2337,2039,3,9
2338,2039,3,10
2339,2039,3,11
2340,2039,3,12
2341,2039,4,1
2342,2039,4,2
2343,2039,4,3
2344,2039,4,4
2345,2039,4,5
2346,2039,4,6
2347,2039,4,7
2348,2039,4,8
2349,2039,4,9
2350,2039,4,10
2351,2039,4,11
2352,2039,4,12
2353,2039,5,1
2354,2039,5,2
2355,2039,5,3
2356,2039,5,4
2357,2039,5,5
2358,2039,5,6
2359,2039,5,7
2360,2039,5,8
2361,2039,5,9
2362,2039,5,10
2363,2039,5,11
2364,2039,5,12
2365,2039,6,1
2366,2039,6,2
2367,2039,6,3
2368,2039,6,4
2369,2039,6,5
2370,2039,6,6
2371,2039,6,7
2372,2039,6,8
2373,2039,6,9
2374,2039,6,10
2375,2039,6,11
2376,2039,6,12
2377,2039,7,1
2378,2039,7,2
2379,2039,7,3
2380,2039,7,4
2381,2039,7,5
2382,2039,7,6
2383,2039,7,7
2384,2039,7,8
2385,2039,7,9
2386,2039,7,10
2387,2039,7,11
2388,2039,7,12
2389,2039,8,1
2390,2039,8,2
2391,2039,8,3
2392,2039,8,4
2393,2039,8,5
2394,2039,8,6
2395,2039,8,7
2396,2039,8,8
2397,2039,8,9
2398,2039,8,10
2399,2039,8,11
2400,2039,8,12
2401,2039,9,1
2402,2039,9,2
2403,2039,9,3
2404,2039,9,4
2405,2039,9,5
2406,2039,9,6
2407,2039,9,7
2408,2039,9,8
2409,2039,9,9
2410,2039,9,10
2411,2039,9,11
2412,2039,9,12
2413,2039,10,1
2414,2039,10,2
2415,2039,10,3
2416,2039,10,4
2417,2039,10,5
2418,2039,10,6
2419,2039,10,7
2420,2039,10,8
2421,2039,10,9
2422,2039,10,10
2423,2039,10,11
2424,2039,10,12
2425,2039,11,1
2426,2039,11,2
2427,2039,11,3
2428,2039,11,4
2429,2039,11,5
2430,2039,11,6
2431,2039,11,7
2432,2039,11,8
2433,2039,11,9
2434,2039,11,10
2435,2039,11,11
2436,2039,11,12
2437,2039,12,1
2438,2039,12,2
2439,2039,12,3
2440,2039,12,4
2441,2039,12,5
2442,2039,12,6
2443,2039,12,7
2444,2039,12,8
2445,2039,12,9
2446,2039,12,10
2447,2039,12,11
2448,2039,12,12
2449,2040,1,1
2450,2040,1,2
2451,2040,1,3
2452,2040,1,4
2453,2040,1,5
2454,2040,1,6
2455,2040,1,7
2456,2040,1,8
2457,2040,1,9
2458,2040,1,10
2459,2040,1,11
2460,2040,1,12
2461,2040,2,1
2462,2040,2,2
2463,2040,2,3
2464,2040,2,4
2465,2040,2,5
2466,2040,2,6
2467,2040,2,7
2468,2040,2,8
2469,2040,2,9
2470,2040,2,10
2471,2040,2,11
2472,2040,2,12
2473,2040,3,1
2474,2040,3,2
2475,2040,3,3
2476,2040,3,4
2477,2040,3,5
2478,2040,3,6
2479,2040,3,7
2480,2040,3,8
2481,2040,3,9
2482,2040,3,10
2483,2040,3,11
2484,2040,3,12
2485,2040,4,1
2486,2040,4,2
2487,2040,4,3
2488,2040,4,4
2489,2040,4,5
2490,2040,4,6
2491,2040,4,7
2492,2040,4,8
2493,2040,4,9
2494,2040,4,10
2495,2040,4,11
2496,2040,4,12
2497,2040,5,1
2498,2040,5,2
2499,2040,5,3
2500,2040,5,4
2501,2040,5,5
2502,2040,5,6
2503,2040,5,7
2504,2040,5,8
2505,2040,5,9
2506,2040,5,10
2507,2040,5,11
2508,2040,5,12
2509,2040,6,1
2510,2040,6,2
2511,2040,6,3
2512,2040,6,4
2513,2040,6,5
2514,2040,6,6
2515,2040,6,7
2516,2040,6,8
2517,2040,6,9
2518,2040,6,10
2519,2040,6,11
2520,2040,6,12
2521,2040,7,1
2522,2040,7,2
2523,2040,7,3
2524,2040,7,4
2525,2040,7,5
2526,2040,7,6
2527,2040,7,7
2528,2040,7,8
2529,2040,7,9
2530,2040,7,10
2531,2040,7,11
2532,2040,7,12
2533,2040,8,1
2534,2040,8,2
2535,2040,8,3
2536,2040,8,4
2537,2040,8,5
2538,2040,8,6
2539,2040,8,7
2540,2040,8,8
2541,2040,8,9
2542,2040,8,10
2543,2040,8,11
2544,2040,8,12
2545,2040,9,1
2546,2040,9,2
2547,2040,9,3
2548,2040,9,4
2549,2040,9,5
2550,2040,9,6
2551,2040,9,7
2552,2040,9,8
2553,2040,9,9
2554,2040,9,10
2555,2040,9,11
2556,2040,9,12
2557,2040,10,1
2558,2040,10,2
2559,2040,10,3
2560,2040,10,4
2561,2040,10,5
2562,2040,10,6
2563,2040,10,7
2564,2040,10,8
2565,2040,10,9
2566,2040,10,10
2567,2040,10,11
2568,2040,10,12
2569,2040,11,1
2570,2040,11,2
2571,2040,11,3
2572,2040,11,4
2573,2040,11,5
2574,2040,11,6
2575,2040,11,7
2576,2040,11,8
2577,2040,11,9
2578,2040,11,10
2579,2040,11,11
2580,2040,11,12
2581,2040,12,1
2582,2040,12,2
2583,2040,12,3
2584,2040,12,4
2585,2040,12,5
2586,2040,12,6
2587,2040,12,7
2588,2040,12,8
2589,2040,12,9
2590,2040,12,10
2591,2040,12,11
2592,2040,12,12
2593,2041,1,1
2594,2041,1,2
2595,2041,1,3
2596,2041,1,4
2597,2041,1,5
2598,2041,1,6
2599,2041,1,7
2600,2041,1,8
2601,2041,1,9
2602,2041,1,10
2603,2041,1,11
2604,2041,1,12
2605,2041,2,1
2606,2041,2,2
2607,2041,2,3
2608,2041,2,4
2609,2041,2,5
2610,2041,2,6
2611,2041,2,7
2612,2041,2,8
2613,2041,2,9
2614,2041,2,10
2615,2041,2,11
2616,2041,2,12
2617,2041,3,1
2618,2041,3,2
2619,2041,3,3
2620,2041,3,4
2621,2041,3,5
2622,2041,3,6
2623,2041,3,7
2624,2041,3,8
2625,2041,3,9
2626,2041,3,10
2627,2041,3,11
2628,2041,3,12
2629,2041,4,1
2630,2041,4,2
2631,2041,4,3
2632,2041,4,4
2633,2041,4,5
2634,2041,4,6
2635,2041,4,7
2636,2041,4,8
2637,2041,4,9
2638,2041,4,10
2639,2041,4,11
2640,2041,4,12
2641,2041,5,1
2642,2041,5,2
2643,2041,5,3
2644,2041,5,4
2645,2041,5,5
2646,2041,5,6
2647,2041,5,7
2648,2041,5,8
2649,2041,5,9
2650,2041,5,10
2651,2041,5,11
2652,2041,5,12
2653,2041,6,1
2654,2041,6,2
2655,2041,6,3
2656,2041,6,4
2657,2041,6,5
2658,2041,6,6
2659,2041,6,7
2660,2041,6,8
2661,2041,6,9
2662,2041,6,10
2663,2041,6,11
2664,2041,6,12
2665,2041,7,1
2666,2041,7,2
2667,2041,7,3
2668,2041,7,4
2669,2041,7,5
2670,2041,7,6
2671,2041,7,7
2672,2041,7,8
2673,2041,7,9
2674,2041,7,10
2675,2041,7,11
2676,2041,7,12
2677,2041,8,1
2678,2041,8,2
2679,2041,8,3
2680,2041,8,4
2681,2041,8,5
2682,2041,8,6
2683,2041,8,7
2684,2041,8,8
2685,2041,8,9
2686,2041,8,10
2687,2041,8,11
2688,2041,8,12
2689,2041,9,1
2690,2041,9,2
2691,2041,9,3
2692,2041,9,4
2693,2041,9,5
2694,2041,9,6
2695,2041,9,7
2696,2041,9,8
2697,2041,9,9
2698,2041,9,10
2699,2041,9,11
2700,2041,9,12
2701,2041,10,1
2702,2041,10,2
2703,2041,10,3
2704,2041,10,4
2705,2041,10,5
2706,2041,10,6
2707,2041,10,7
2708,2041,10,8
2709,2041,10,9
2710,2041,10,10
2711,2041,10,11
2712,2041,10,12
2713,2041,11,1
2714,2041,11,2
2715,2041,11,3
2716,2041,11,4
2717,2041,11,5
2718,2041,11,6
2719,2041,11,7
2720,2041,11,8
2721,2041,11,9
2722,2041,11,10
2723,2041,11,11
2724,2041,11,12
2725,2041,12,1
2726,2041,12,2
2727,2041,12,3
2728,2041,12,4
2729,2041,12,5
2730,2041,12,6
2731,2041,12,7
2732,2041,12,8
2733,2041,12,9
2734,2041,12,10
2735,2041,12,11
2736,2041,12,12
2737,2042,1,1
2738,2042,1,2
2739,2042,1,3
2740,2042,1,4
2741,2042,1,5
2742,2042,1,6
2743,2042,1,7
2744,2042,1,8
2745,2042,1,9
2746,2042,1,10
2747,2042,1,11
2748,2042,1,12
2749,2042,2,1
2750,2042,2,2
2751,2042,2,3
2752,2042,2,4
2753,2042,2,5
2754,2042,2,6
2755,2042,2,7
2756,2042,2,8
2757,2042,2,9
2758,2042,2,10
2759,2042,2,11
2760,2042,2,12
2761,2042,3,1
2762,2042,3,2
2763,2042,3,3
2764,2042,3,4
2765,2042,3,5
2766,2042,3,6
2767,2042,3,7
2768,2042,3,8
2769,2042,3,9
2770,2042,3,10
2771,2042,3,11
2772,2042,3,12
2773,2042,4,1
2774,2042,4,2
2775,2042,4,3
2776,2042,4,4
2777,2042,4,5
2778,2042,4,6
2779,2042,4,7
2780,2042,4,8
2781,2042,4,9
2782,2042,4,10
2783,2042,4,11
2784,2042,4,12
2785,2042,5,1
2786,2042,5,2
2787,2042,5,3
2788,2042,5,4
2789,2042,5,5
2790,2042,5,6
2791,2042,5,7
2792,2042,5,8
2793,2042,5,9
2794,2042,5,10
2795,2042,5,11
2796,2042,5,12
2797,2042,6,1
2798,2042,6,2
2799,2042,6,3
2800,2042,6,4
2801,2042,6,5
2802,2042,6,6
2803,2042,6,7
2804,2042,6,8
2805,2042,6,9
2806,2042,6,10
2807,2042,6,11
2808,2042,6,12
2809,2042,7,1
2810,2042,7,2
2811,2042,7,3
2812,2042,7,4
2813,2042,7,5
2814,2042,7,6
2815,2042,7,7
2816,2042,7,8
2817,2042,7,9
2818,2042,7,10
2819,2042,7,11
2820,2042,7,12
2821,2042,8,1
2822,2042,8,2
2823,2042,8,3
2824,2042,8,4
2825,2042,8,5
2826,2042,8,6
2827,2042,8,7
2828,2042,8,8
2829,2042,8,9
2830,2042,8,10
2831,2042,8,11
2832,2042,8,12
2833,2042,9,1
2834,2042,9,2
2835,2042,9,3
2836,2042,9,4
2837,2042,9,5
2838,2042,9,6
2839,2042,9,7
2840,2042,9,8
2841,2042,9,9
2842,2042,9,10
2843,2042,9,11
2844,2042,9,12
2845,2042,10,1
2846,2042,10,2
2847,2042,10,3
2848,2042,10,4
2849,2042,10,5
2850,2042,10,6
2851,2042,10,7
2852,2042,10,8
2853,2042,10,9
2854,2042,10,10
2855,2042,10,11
2856,2042,10,12
2857,2042,11,1
2858,2042,11,2
2859,2042,11,3
2860,2042,11,4
2861,2042,11,5
2862,2042,11,6
2863,2042,11,7
2864,2042,11,8
2865,2042,11,9
2866,2042,11,10
2867,2042,11,11
2868,2042,11,12
2869,2042,12,1
2870,2042,12,2
2871,2042,12,3
2872,2042,12,4
2873,2042,12,5
2874,2042,12,6
2875,2042,12,7
2876,2042,12,8
2877,2042,12,9
2878,2042,12,10
2879,2042,12,11
2880,2042,12,12
2881,2043,1,1
2882,2043,1,2
2883,2043,1,3
2884,2043,1,4
2885,2043,1,5
2886,2043,1,6
2887,2043,1,7
2888,2043,1,8
2889,2043,1,9
2890,2043,1,10
2891,2043,1,11
2892,2043,1,12
2893,2043,2,1
2894,2043,2,2
2895,2043,2,3
2896,2043,2,4
2897,2043,2,5
2898,2043,2,6
2899,2043,2,7
2900,2043,2,8
2901,2043,2,9
2902,2043,2,10
2903,2043,2,11
2904,2043,2,12
2905,2043,3,1
2906,2043,3,2
2907,2043,3,3
2908,2043,3,4
2909,2043,3,5
2910,2043,3,6
2911,2043,3,7
2912,2043,3,8
2913,2043,3,9
2914,2043,3,10
2915,2043,3,11
2916,2043,3,12
2917,2043,4,1
2918,2043,4,2
2919,2043,4,3
2920,2043,4,4
2921,2043,4,5
2922,2043,4,6
2923,2043,4,7
2924,2043,4,8
2925,2043,4,9
2926,2043,4,10
2927,2043,4,11
2928,2043,4,12
2929,2043,5,1
2930,2043,5,2
2931,2043,5,3
2932,2043,5,4
2933,2043,5,5
2934,2043,5,6
2935,2043,5,7
2936,2043,5,8
2937,2043,5,9
2938,2043,5,10
2939,2043,5,11
2940,2043,5,12
2941,2043,6,1
2942,2043,6,2
2943,2043,6,3
2944,2043,6,4
2945,2043,6,5
2946,2043,6,6
2947,2043,6,7
2948,2043,6,8
2949,2043,6,9
2950,2043,6,10
2951,2043,6,11
2952,2043,6,12
2953,2043,7,1
2954,2043,7,2
2955,2043,7,3
2956,2043,7,4
2957,2043,7,5
2958,2043,7,6
2959,2043,7,7
2960,2043,7,8
2961,2043,7,9
2962,2043,7,10
2963,2043,7,11
2964,2043,7,12
2965,2043,8,1
2966,2043,8,2
2967,2043,8,3
2968,2043,8,4
2969,2043,8,5
2970,2043,8,6
2971,2043,8,7
2972,2043,8,8
2973,2043,8,9
2974,2043,8,10
2975,2043,8,11
2976,2043,8,12
2977,2043,9,1
2978,2043,9,2
2979,2043,9,3
2980,2043,9,4
2981,2043,9,5
2982,2043,9,6
2983,2043,9,7
2984,2043,9,8
2985,2043,9,9
2986,2043,9,10
2987,2043,9,11
2988,2043,9,12
2989,2043,10,1
2990,2043,10,2
2991,2043,10,3
2992,2043,10,4
2993,2043,10,5
2994,2043,10,6
2995,2043,10,7
2996,2043,10,8
2997,2043,10,9
2998,2043,10,10
2999,2043,10,11
3000,2043,10,12
3001,2043,11,1
3002,2043,11,2
3003,2043,11,3
3004,2043,11,4
3005,2043,11,5
3006,2043,11,6
3007,2043,11,7
3008,2043,11,8
3009,2043,11,9
3010,2043,11,10
3011,2043,11,11
3012,2043,11,12
3013,2043,12,1
3014,2043,12,2
3015,2043,12,3
3016,2043,12,4
3017,2043,12,5
3018,2043,12,6
3019,2043,12,7
3020,2043,12,8
3021,2043,12,9
3022,2043,12,10
3023,2043,12,11
3024,2043,12,12
3025,2044,1,1
3026,2044,1,2
3027,2044,1,3
3028,2044,1,4
3029,2044,1,5
3030,2044,1,6
3031,2044,1,7
3032,2044,1,8
3033,2044,1,9
3034,2044,1,10
3035,2044,1,11
3036,2044,1,12
3037,2044,2,1
3038,2044,2,2
3039,2044,2,3
3040,2044,2,4
3041,2044,2,5
3042,2044,2,6
3043,2044,2,7
3044,2044,2,8
3045,2044,2,9
3046,2044,2,10
3047,2044,2,11
3048,2044,2,12
3049,2044,3,1
3050,2044,3,2
3051,2044,3,3
3052,2044,3,4
3053,2044,3,5
3054,2044,3,6
3055,2044,3,7
3056,2044,3,8
3057,2044,3,9
3058,2044,3,10
3059,2044,3,11
3060,2044,3,12
3061,2044,4,1
3062,2044,4,2
3063,2044,4,3
3064,2044,4,4
3065,2044,4,5
3066,2044,4,6
3067,2044,4,7
3068,2044,4,8
3069,2044,4,9
3070,2044,4,10
3071,2044,4,11
3072,2044,4,12
3073,2044,5,1
3074,2044,5,2
3075,2044,5,3
3076,2044,5,4
3077,2044,5,5
3078,2044,5,6
3079,2044,5,7
3080,2044,5,8
3081,2044,5,9
3082,2044,5,10
3083,2044,5,11
3084,2044,5,12
3085,2044,6,1
3086,2044,6,2
3087,2044,6,3
3088,2044,6,4
3089,2044,6,5
3090,2044,6,6
3091,2044,6,7
3092,2044,6,8
3093,2044,6,9
3094,2044,6,10
3095,2044,6,11
3096,2044,6,12
3097,2044,7,1
3098,2044,7,2
3099,2044,7,3
3100,2044,7,4
3101,2044,7,5
3102,2044,7,6
3103,2044,7,7
3104,2044,7,8
3105,2044,7,9
3106,2044,7,10
3107,2044,7,11
3108,2044,7,12
3109,2044,8,1
3110,2044,8,2
3111,2044,8,3
3112,2044,8,4
3113,2044,8,5
3114,2044,8,6
3115,2044,8,7
3116,2044,8,8
3117,2044,8,9
3118,2044,8,10
3119,2044,8,11
3120,2044,8,12
3121,2044,9,1
3122,2044,9,2
3123,2044,9,3
3124,2044,9,4
3125,2044,9,5
3126,2044,9,6
3127,2044,9,7
3128,2044,9,8
3129,2044,9,9
3130,2044,9,10
3131,2044,9,11
3132,2044,9,12
3133,2044,10,1
3134,2044,10,2
3135,2044,10,3
3136,2044,10,4
3137,2044,10,5
3138,2044,10,6
3139,2044,10,7
3140,2044,10,8
3141,2044,10,9
3142,2044,10,10
3143,2044,10,11
3144,2044,10,12
3145,2044,11,1
3146,2044,11,2
3147,2044,11,3
3148,2044,11,4
3149,2044,11,5
3150,2044,11,6
3151,2044,11,7
3152,2044,11,8
3153,2044,11,9
3154,2044,11,10
3155,2044,11,11
3156,2044,11,12
3157,2044,12,1
3158,2044,12,2
3159,2044,12,3
3160,2044,12,4
3161,2044,12,5
3162,2044,12,6
3163,2044,12,7
3164,2044,12,8
3165,2044,12,9
3166,2044,12,10
3167,2044,12,11
3168,2044,12,12
3169,2045,1,1
3170,2045,1,2
3171,2045,1,3
3172,2045,1,4
3173,2045,1,5
3174,2045,1,6
3175,2045,1,7
3176,2045,1,8
3177,2045,1,9
3178,2045,1,10
3179,2045,1,11
3180,2045,1,12
3181,2045,2,1
3182,2045,2,2
3183,2045,2,3
3184,2045,2,4
3185,2045,2,5
3186,2045,2,6
3187,2045,2,7
3188,2045,2,8
3189,2045,2,9
3190,2045,2,10
3191,2045,2,11
3192,2045,2,12
3193,2045,3,1
3194,2045,3,2
3195,2045,3,3
3196,2045,3,4
3197,2045,3,5
3198,2045,3,6
3199,2045,3,7
3200,2045,3,8
3201,2045,3,9
3202,2045,3,10
3203,2045,3,11
3204,2045,3,12
3205,2045,4,1
3206,2045,4,2
3207,2045,4,3
3208,2045,4,4
3209,2045,4,5
3210,2045,4,6
3211,2045,4,7
3212,2045,4,8
3213,2045,4,9
3214,2045,4,10
3215,2045,4,11
3216,2045,4,12
3217,2045,5,1
3218,2045,5,2
3219,2045,5,3
3220,2045,5,4
3221,2045,5,5
3222,2045,5,6
3223,2045,5,7
3224,2045,5,8
3225,2045,5,9
3226,2045,5,10
3227,2045,5,11
3228,2045,5,12
3229,2045,6,1
3230,2045,6,2
3231,2045,6,3
3232,2045,6,4
3233,2045,6,5
3234,2045,6,6
3235,2045,6,7
3236,2045,6,8
3237,2045,6,9
3238,2045,6,10
3239,2045,6,11
3240,2045,6,12
3241,2045,7,1
3242,2045,7,2
3243,2045,7,3
3244,2045,7,4
3245,2045,7,5
3246,2045,7,6
3247,2045,7,7
3248,2045,7,8
3249,2045,7,9
3250,2045,7,10
3251,2045,7,11
3252,2045,7,12
3253,2045,8,1
3254,2045,8,2
3255,2045,8,3
3256,2045,8,4
3257,2045,8,5
3258,2045,8,6
3259,2045,8,7
3260,2045,8,8
3261,2045,8,9
3262,2045,8,10
3263,2045,8,11
3264,2045,8,12
3265,2045,9,1
3266,2045,9,2
3267,2045,9,3
3268,2045,9,4
3269,2045,9,5
3270,2045,9,6
3271,2045,9,7
3272,2045,9,8
3273,2045,9,9
3274,2045,9,10
3275,2045,9,11
3276,2045,9,12
3277,2045,10,1
3278,2045,10,2
3279,2045,10,3
3280,2045,10,4
3281,2045,10,5
3282,2045,10,6
3283,2045,10,7
3284,2045,10,8
3285,2045,10,9
3286,2045,10,10
3287,2045,10,11
3288,2045,10,12
3289,2045,11,1
3290,2045,11,2
3291,2045,11,3
3292,2045,11,4
3293,2045,11,5
3294,2045,11,6
3295,2045,11,7
3296,2045,11,8
3297,2045,11,9
3298,2045,11,10
3299,2045,11,11
3300,2045,11,12
3301,2045,12,1
3302,2045,12,2
3303,2045,12,3
3304,2045,12,4
3305,2045,12,5
3306,2045,12,6
3307,2045,12,7
3308,2045,12,8
3309,2045,12,9
3310,2045,12,10
3311,2045,12,11
3312,2045,12,12
3313,2046,1,1
3314,2046,1,2
3315,2046,1,3
3316,2046,1,4
3317,2046,1,5
3318,2046,1,6
3319,2046,1,7
3320,2046,1,8
3321,2046,1,9
3322,2046,1,10
3323,2046,1,11
3324,2046,1,12
3325,2046,2,1
3326,2046,2,2
3327,2046,2,3
3328,2046,2,4
3329,2046,2,5
3330,2046,2,6
3331,2046,2,7
3332,2046,2,8
3333,2046,2,9
3334,2046,2,10
3335,2046,2,11
3336,2046,2,12
3337,2046,3,1
3338,2046,3,2
3339,2046,3,3
3340,2046,3,4
3341,2046,3,5
3342,2046,3,6
3343,2046,3,7
3344,2046,3,8
3345,2046,3,9
3346,2046,3,10
3347,2046,3,11
3348,2046,3,12
3349,2046,4,1
3350,2046,4,2
3351,2046,4,3
3352,2046,4,4
3353,2046,4,5
3354,2046,4,6
3355,2046,4,7
3356,2046,4,8
3357,2046,4,9
3358,2046,4,10
3359,2046,4,11
3360,2046,4,12
3361,2046,5,1
3362,2046,5,2
3363,2046,5,3
3364,2046,5,4
3365,2046,5,5
3366,2046,5,6
3367,2046,5,7
3368,2046,5,8
3369,2046,5,9
3370,2046,5,10
3371,2046,5,11
3372,2046,5,12
3373,2046,6,1
3374,2046,6,2
3375,2046,6,3
3376,2046,6,4
3377,2046,6,5
3378,2046,6,6
3379,2046,6,7
3380,2046,6,8
3381,2046,6,9
3382,2046,6,10
3383,2046,6,11
3384,2046,6,12
3385,2046,7,1
3386,2046,7,2
3387,2046,7,3
3388,2046,7,4
3389,2046,7,5
3390,2046,7,6
3391,2046,7,7
3392,2046,7,8
3393,2046,7,9
3394,2046,7,10
3395,2046,7,11
3396,2046,7,12
3397,2046,8,1
3398,2046,8,2
3399,2046,8,3
3400,2046,8,4
3401,2046,8,5
3402,2046,8,6
3403,2046,8,7
3404,2046,8,8
3405,2046,8,9
3406,2046,8,10
3407,2046,8,11
3408,2046,8,12
3409,2046,9,1
3410,2046,9,2
3411,2046,9,3
3412,2046,9,4
3413,2046,9,5
3414,2046,9,6
3415,2046,9,7
3416,2046,9,8
3417,2046,9,9
3418,2046,9,10
3419,2046,9,11
3420,2046,9,12
3421,2046,10,1
3422,2046,10,2
3423,2046,10,3
3424,2046,10,4
3425,2046,10,5
3426,2046,10,6
3427,2046,10,7
3428,2046,10,8
3429,2046,10,9
3430,2046,10,10
3431,2046,10,11
3432,2046,10,12
3433,2046,11,1
3434,2046,11,2
3435,2046,11,3
3436,2046,11,4
3437,2046,11,5
3438,2046,11,6
3439,2046,11,7
3440,2046,11,8
3441,2046,11,9
3442,2046,11,10
3443,2046,11,11
3444,2046,11,12
3445,2046,12,1
3446,2046,12,2
3447,2046,12,3
3448,2046,12,4
3449,2046,12,5
3450,2046,12,6
3451,2046,12,7
3452,2046,12,8
3453,2046,12,9
3454,2046,12,10
3455,2046,12,11
3456,2046,12,12
3457,2047,1,1
3458,2047,1,2
3459,2047,1,3
3460,2047,1,4
3461,2047,1,5
3462,2047,1,6
3463,2047,1,7
3464,2047,1,8
3465,2047,1,9
3466,2047,1,10
3467,2047,1,11
3468,2047,1,12
3469,2047,2,1
3470,2047,2,2
3471,2047,2,3
3472,2047,2,4
3473,2047,2,5
3474,2047,2,6
3475,2047,2,7
3476,2047,2,8
3477,2047,2,9
3478,2047,2,10
3479,2047,2,11
3480,2047,2,12
3481,2047,3,1
3482,2047,3,2
3483,2047,3,3
3484,2047,3,4
3485,2047,3,5
3486,2047,3,6
3487,2047,3,7
3488,2047,3,8
3489,2047,3,9
3490,2047,3,10
3491,2047,3,11
3492,2047,3,12
3493,2047,4,1
3494,2047,4,2
3495,2047,4,3
3496,2047,4,4
3497,2047,4,5
3498,2047,4,6
3499,2047,4,7
3500,2047,4,8
3501,2047,4,9
3502,2047,4,10
3503,2047,4,11
3504,2047,4,12
3505,2047,5,1
3506,2047,5,2
3507,2047,5,3
3508,2047,5,4
3509,2047,5,5
3510,2047,5,6
3511,2047,5,7
3512,2047,5,8
3513,2047,5,9
3514,2047,5,10
3515,2047,5,11
3516,2047,5,12
3517,2047,6,1
3518,2047,6,2
3519,2047,6,3
3520,2047,6,4
3521,2047,6,5
3522,2047,6,6
3523,2047,6,7
3524,2047,6,8
3525,2047,6,9
3526,2047,6,10
3527,2047,6,11
3528,2047,6,12
3529,2047,7,1
3530,2047,7,2
3531,2047,7,3
3532,2047,7,4
3533,2047,7,5
3534,2047,7,6
3535,2047,7,7
3536,2047,7,8
3537,2047,7,9
3538,2047,7,10
3539,2047,7,11
3540,2047,7,12
3541,2047,8,1
3542,2047,8,2
3543,2047,8,3
3544,2047,8,4
3545,2047,8,5
3546,2047,8,6
3547,2047,8,7
3548,2047,8,8
3549,2047,8,9
3550,2047,8,10
3551,2047,8,11
3552,2047,8,12
3553,2047,9,1
3554,2047,9,2
3555,2047,9,3
3556,2047,9,4
3557,2047,9,5
3558,2047,9,6
3559,2047,9,7
3560,2047,9,8
3561,2047,9,9
3562,2047,9,10
3563,2047,9,11
3564,2047,9,12
3565,2047,10,1
3566,2047,10,2
3567,2047,10,3
3568,2047,10,4
3569,2047,10,5
3570,2047,10,6
3571,2047,10,7
3572,2047,10,8
3573,2047,10,9
3574,2047,10,10
3575,2047,10,11
3576,2047,10,12
3577,2047,11,1
3578,2047,11,2
3579,2047,11,3
3580,2047,11,4
3581,2047,11,5
3582,2047,11,6
3583,2047,11,7
3584,2047,11,8
3585,2047,11,9
3586,2047,11,10
3587,2047,11,11
3588,2047,11,12
3589,2047,12,1
3590,2047,12,2
3591,2047,12,3
3592,2047,12,4
3593,2047,12,5
3594,2047,12,6
3595,2047,12,7
3596,2047,12,8
3597,2047,12,9
3598,2047,12,10
3599,2047,12,11
3600,2047,12,12
3601,2048,1,1
3602,2048,1,2
3603,2048,1,3
3604,2048,1,4
3605,2048,1,5
3606,2048,1,6
3607,2048,1,7
3608,2048,1,8
3609,2048,1,9
3610,2048,1,10
3611,2048,1,11
3612,2048,1,12
3613,2048,2,1
3614,2048,2,2
3615,2048,2,3
3616,2048,2,4
3617,2048,2,5
3618,2048,2,6
3619,2048,2,7
3620,2048,2,8
3621,2048,2,9
3622,2048,2,10
3623,2048,2,11
3624,2048,2,12
3625,2048,3,1
3626,2048,3,2
3627,2048,3,3
3628,2048,3,4
3629,2048,3,5
3630,2048,3,6
3631,2048,3,7
3632,2048,3,8
3633,2048,3,9
3634,2048,3,10
3635,2048,3,11
3636,2048,3,12
3637,2048,4,1
3638,2048,4,2
3639,2048,4,3
3640,2048,4,4
3641,2048,4,5
3642,2048,4,6
3643,2048,4,7
3644,2048,4,8
3645,2048,4,9
3646,2048,4,10
3647,2048,4,11
3648,2048,4,12
3649,2048,5,1
3650,2048,5,2
3651,2048,5,3
3652,2048,5,4
3653,2048,5,5
3654,2048,5,6
3655,2048,5,7
3656,2048,5,8
3657,2048,5,9
3658,2048,5,10
3659,2048,5,11
3660,2048,5,12
3661,2048,6,1
3662,2048,6,2
3663,2048,6,3
3664,2048,6,4
3665,2048,6,5
3666,2048,6,6
3667,2048,6,7
3668,2048,6,8
3669,2048,6,9
3670,2048,6,10
3671,2048,6,11
3672,2048,6,12
3673,2048,7,1
3674,2048,7,2
3675,2048,7,3
3676,2048,7,4
3677,2048,7,5
3678,2048,7,6
3679,2048,7,7
3680,2048,7,8
3681,2048,7,9
3682,2048,7,10
3683,2048,7,11
3684,2048,7,12
3685,2048,8,1
3686,2048,8,2
3687,2048,8,3
3688,2048,8,4
3689,2048,8,5
3690,2048,8,6
3691,2048,8,7
3692,2048,8,8
3693,2048,8,9
3694,2048,8,10
3695,2048,8,11
3696,2048,8,12
3697,2048,9,1
3698,2048,9,2
3699,2048,9,3
3700,2048,9,4
3701,2048,9,5
3702,2048,9,6
3703,2048,9,7
3704,2048,9,8
3705,2048,9,9
3706,2048,9,10
3707,2048,9,11
3708,2048,9,12
3709,2048,10,1
3710,2048,10,2
3711,2048,10,3
3712,2048,10,4
3713,2048,10,5
3714,2048,10,6
3715,2048,10,7
3716,2048,10,8
3717,2048,10,9
3718,2048,10,10
3719,2048,10,11
3720,2048,10,12
3721,2048,11,1
3722,2048,11,2
3723,2048,11,3
3724,2048,11,4
3725,2048,11,5
3726,2048,11,6
3727,2048,11,7
3728,2048,11,8
3729,2048,11,9
3730,2048,11,10
3731,2048,11,11
3732,2048,11,12
3733,2048,12,1
3734,2048,12,2
3735,2048,12,3
3736,2048,12,4
3737,2048,12,5
3738,2048,12,6
3739,2048,12,7
3740,2048,12,8
3741,2048,12,9
3742,2048,12,10
3743,2048,12,11
3744,2048,12,12
3745,2049,1,1
3746,2049,1,2
3747,2049,1,3
3748,2049,1,4
3749,2049,1,5
3750,2049,1,6
3751,2049,1,7
3752,2049,1,8
3753,2049,1,9
3754,2049,1,10
3755,2049,1,11
3756,2049,1,12
3757,2049,2,1
3758,2049,2,2
3759,2049,2,3
3760,2049,2,4
3761,2049,2,5
3762,2049,2,6
3763,2049,2,7
3764,2049,2,8
3765,2049,2,9
3766,2049,2,10
3767,2049,2,11
3768,2049,2,12
3769,2049,3,1
3770,2049,3,2
3771,2049,3,3
3772,2049,3,4
3773,2049,3,5
3774,2049,3,6
3775,2049,3,7
3776,2049,3,8
3777,2049,3,9
3778,2049,3,10
3779,2049,3,11
3780,2049,3,12
3781,2049,4,1
3782,2049,4,2
3783,2049,4,3
3784,2049,4,4
3785,2049,4,5
3786,2049,4,6
3787,2049,4,7
3788,2049,4,8
3789,2049,4,9
3790,2049,4,10
3791,2049,4,11
3792,2049,4,12
3793,2049,5,1
3794,2049,5,2
3795,2049,5,3
3796,2049,5,4
3797,2049,5,5
3798,2049,5,6
3799,2049,5,7
3800,2049,5,8
3801,2049,5,9
3802,2049,5,10
3803,2049,5,11
3804,2049,5,12
3805,2049,6,1
3806,2049,6,2
3807,2049,6,3
3808,2049,6,4
3809,2049,6,5
3810,2049,6,6
3811,2049,6,7
3812,2049,6,8
3813,2049,6,9
3814,2049,6,10
3815,2049,6,11
3816,2049,6,12
3817,2049,7,1
3818,2049,7,2
3819,2049,7,3
3820,2049,7,4
3821,2049,7,5
3822,2049,7,6
3823,2049,7,7
3824,2049,7,8
3825,2049,7,9
3826,2049,7,10
3827,2049,7,11
3828,2049,7,12
3829,2049,8,1
3830,2049,8,2
3831,2049,8,3
3832,2049,8,4
3833,2049,8,5
3834,2049,8,6
3835,2049,8,7
3836,2049,8,8
3837,2049,8,9
3838,2049,8,10
3839,2049,8,11
3840,2049,8,12
3841,2049,9,1
3842,2049,9,2
3843,2049,9,3
3844,2049,9,4
3845,2049,9,5
3846,2049,9,6
3847,2049,9,7
3848,2049,9,8
3849,2049,9,9
3850,2049,9,10
3851,2049,9,11
3852,2049,9,12
3853,2049,10,1
3854,2049,10,2
3855,2049,10,3
3856,2049,10,4
3857,2049,10,5
3858,2049,10,6
3859,2049,10,7
3860,2049,10,8
3861,2049,10,9
3862,2049,10,10
3863,2049,10,11
3864,2049,10,12
3865,2049,11,1
3866,2049,11,2
3867,2049,11,3
3868,2049,11,4
3869,2049,11,5
3870,2049,11,6
3871,2049,11,7
3872,2049,11,8
3873,2049,11,9
3874,2049,11,10
3875,2049,11,11
3876,2049,11,12
3877,2049,12,1
3878,2049,12,2
3879,2049,12,3
3880,2049,12,4
3881,2049,12,5
3882,2049,12,6
3883,2049,12,7
3884,2049,12,8
3885,2049,12,9
3886,2049,12,10
3887,2049,12,11
3888,2049,12,12
3889,2050,1,1
3890,2050,1,2
3891,2050,1,3
3892,2050,1,4
3893,2050,1,5
3894,2050,1,6
3895,2050,1,7
3896,2050,1,8
3897,2050,1,9
3898,2050,1,10
3899,2050,1,11
3900,2050,1,12
3901,2050,2,1
3902,2050,2,2
3903,2050,2,3
3904,2050,2,4
3905,2050,2,5
3906,2050,2,6
3907,2050,2,7
3908,2050,2,8
3909,2050,2,9
3910,2050,2,10
3911,2050,2,11
3912,2050,2,12
3913,2050,3,1
3914,2050,3,2
3915,2050,3,3
3916,2050,3,4
3917,2050,3,5
3918,2050,3,6
3919,2050,3,7
3920,2050,3,8
3921,2050,3,9
3922,2050,3,10
3923,2050,3,11
3924,2050,3,12
3925,2050,4,1
3926,2050,4,2
3927,2050,4,3
3928,2050,4,4
3929,2050,4,5
3930,2050,4,6
3931,2050,4,7
3932,2050,4,8
3933,2050,4,9
3934,2050,4,10
3935,2050,4,11
3936,2050,4,12
3937,2050,5,1
3938,2050,5,2
3939,2050,5,3
3940,2050,5,4
3941,2050,5,5
3942,2050,5,6
3943,2050,5,7
3944,2050,5,8
3945,2050,5,9
3946,2050,5,10
3947,2050,5,11
3948,2050,5,12
3949,2050,6,1
3950,2050,6,2
3951,2050,6,3
3952,2050,6,4
3953,2050,6,5
3954,2050,6,6
3955,2050,6,7
3956,2050,6,8
3957,2050,6,9
3958,2050,6,10
3959,2050,6,11
3960,2050,6,12
3961,2050,7,1
3962,2050,7,2
3963,2050,7,3
3964,2050,7,4
3965,2050,7,5
3966,2050,7,6
3967,2050,7,7
3968,2050,7,8
3969,2050,7,9
3970,2050,7,10
3971,2050,7,11
3972,2050,7,12
3973,2050,8,1
3974,2050,8,2
3975,2050,8,3
3976,2050,8,4
3977,2050,8,5
3978,2050,8,6
3979,2050,8,7
3980,2050,8,8
3981,2050,8,9
3982,2050,8,10
3983,2050,8,11
3984,2050,8,12
3985,2050,9,1
3986,2050,9,2
3987,2050,9,3
3988,2050,9,4
3989,2050,9,5
3990,2050,9,6
3991,2050,9,7
3992,2050,9,8
3993,2050,9,9
3994,2050,9,10
3995,2050,9,11
3996,2050,9,12
3997,2050,10,1
3998,2050,10,2
3999,2050,10,3
4000,2050,10,4
4001,2050,10,5
4002,2050,10,6
4003,2050,10,7
4004,2050,10,8
4005,2050,10,9
4006,2050,10,10
4007,2050,10,11
4008,2050,10,12
4009,2050,11,1
4010,2050,11,2
4011,2050,11,3
4012,2050,11,4
4013,2050,11,5
4014,2050,11,6
4015,2050,11,7
4016,2050,11,8
4017,2050,11,9
4018,2050,11,10
4019,2050,11,11
4020,2050,11,12
4021,2050,12,1
4022,2050,12,2
4023,2050,12,3
4024,2050,12,4
4025,2050,12,5
4026,2050,12,6
4027,2050,12,7
4028,2050,12,8
4029,2050,12,9
4030,2050,12,10
4031,2050,12,11
4032,2050,12,12
4033,2051,1,1
4034,2051,1,2
4035,2051,1,3
4036,2051,1,4
4037,2051,1,5
4038,2051,1,6
4039,2051,1,7
4040,2051,1,8
4041,2051,1,9
4042,2051,1,10
4043,2051,1,11
4044,2051,1,12
4045,2051,2,1
4046,2051,2,2
4047,2051,2,3
4048,2051,2,4
4049,2051,2,5
4050,2051,2,6
4051,2051,2,7
4052,2051,2,8
4053,2051,2,9
4054,2051,2,10
4055,2051,2,11
4056,2051,2,12
4057,2051,3,1
4058,2051,3,2
4059,2051,3,3
4060,2051,3,4
4061,2051,3,5
4062,2051,3,6
4063,2051,3,7
4064,2051,3,8
4065,2051,3,9
4066,2051,3,10
4067,2051,3,11
4068,2051,3,12
